,Artist,genre,gender,ngram_2,ngram_3,ngram_4
0,Aaliyah,pop,female,"[(('let', 'me'), 80), (('without', 'you'), 76), (('see', 'you'), 56), (('i', 'dont'), 51), (('it', 'baby'), 47), (('what', 'you'), 44), (('and', 'forth'), 44), (('me', 'see'), 43), (('come', 'over'), 42), (('for', 'you'), 40), (('you', 'i'), 39), (('tell', 'me'), 38), (('dont', 'wanna'), 38), (('try', 'again'), 38), (('step', 'to'), 37), (('can', 'i'), 36), (('love', 'it'), 36), (('baby', 'love'), 35), (('to', 'step'), 35), (('for', 'me'), 33)]","[(('let', 'me', 'see'), 42), (('me', 'see', 'you'), 41), (('love', 'it', 'baby'), 36), (('baby', 'love', 'it'), 35), (('i', 'dont', 'wanna'), 34), (('it', 'baby', 'love'), 34), (('to', 'step', 'to'), 32), (('nothin', 'but', 'a'), 30), (('back', 'and', 'forth'), 30), (('step', 'to', 'step'), 29), (('let', 'me', 'know'), 28), (('aint', 'nothin', 'but'), 28), (('rock', 'the', 'boat'), 28), (('what', 'you', 'sayin'), 27), (('see', 'you', 'back'), 25), (('you', 'back', 'and'), 25), (('and', 'forth', 'now'), 25), (('forth', 'now', 'check'), 25), (('now', 'check', 'it'), 25), (('can', 'i', 'come'), 25)]","[(('let', 'me', 'see', 'you'), 41), (('baby', 'love', 'it', 'baby'), 35), (('love', 'it', 'baby', 'love'), 34), (('it', 'baby', 'love', 'it'), 34), (('aint', 'nothin', 'but', 'a'), 28), (('step', 'to', 'step', 'to'), 26), (('to', 'step', 'to', 'step'), 25), (('me', 'see', 'you', 'back'), 25), (('see', 'you', 'back', 'and'), 25), (('you', 'back', 'and', 'forth'), 25), (('back', 'and', 'forth', 'now'), 25), (('and', 'forth', 'now', 'check'), 25), (('forth', 'now', 'check', 'it'), 25), (('can', 'i', 'come', 'over'), 23), (('stroke', 'it', 'for', 'me'), 22), (('off', 'and', 'try', 'again'), 22), (('without', 'you', 'i', 'dont'), 21), (('you', 'i', 'dont', 'wanna'), 21), (('you', 'might', 'also', 'like'), 20), (('i', 'dont', 'wanna', 'be'), 18)]"
1,Beyoncé,pop,female,"[(('in', 'the'), 51), (('love', 'you'), 49), (('you', 'like'), 43), (('i', 'aint'), 41), (('halo', 'halo'), 40), (('you', 'you'), 40), (('i', 'slay'), 35), (('to', 'side'), 34), (('i', 'can'), 31), (('like', 'i'), 30), (('up', 'and'), 27), (('your', 'halo'), 27), (('for', 'the'), 27), (('sorry', 'i'), 27), (('aint', 'sorry'), 27), (('side', 'to'), 27), (('all', 'night'), 26), (('slay', 'okay'), 25), (('they', 'dont'), 25), (('dont', 'love'), 25)]","[(('you', 'like', 'i'), 27), (('sorry', 'i', 'aint'), 27), (('i', 'aint', 'sorry'), 27), (('side', 'to', 'side'), 27), (('they', 'dont', 'love'), 24), (('dont', 'love', 'you'), 24), (('love', 'you', 'like'), 24), (('like', 'i', 'love'), 24), (('i', 'love', 'you'), 24), (('that', 'cherry', 'out'), 24), (('i', 'slay', 'okay'), 21), (('in', 'the', 'air'), 21), (('might', 'also', 'like'), 20), (('your', 'halo', 'halo'), 20), (('halo', 'halo', 'halo'), 20), (('turn', 'that', 'cherry'), 20), (('you', 'you', 'you'), 20), (('you', 'might', 'also'), 19), (('it', 'in', 'the'), 18), (('let', 'it', 'be'), 17)]","[(('they', 'dont', 'love', 'you'), 24), (('dont', 'love', 'you', 'like'), 24), (('love', 'you', 'like', 'i'), 24), (('you', 'like', 'i', 'love'), 24), (('like', 'i', 'love', 'you'), 24), (('sorry', 'i', 'aint', 'sorry'), 22), (('your', 'halo', 'halo', 'halo'), 20), (('turn', 'that', 'cherry', 'out'), 20), (('you', 'might', 'also', 'like'), 19), (('it', 'in', 'the', 'air'), 18), (('okay', 'i', 'slay', 'okay'), 15), (('halo', 'halo', 'halo', 'i'), 15), (('halo', 'halo', 'i', 'can'), 15), (('that', 'cherry', 'out', 'turn'), 14), (('cherry', 'out', 'turn', 'that'), 14), (('out', 'turn', 'that', 'cherry'), 14), (('smack', 'it', 'in', 'the'), 14), (('i', 'can', 'see', 'your'), 13), (('can', 'see', 'your', 'halo'), 13), (('i', 'can', 'feel', 'your'), 13)]"
2,Britney Spears,pop,female,"[(('get', 'it'), 49), (('you', 'want'), 47), (('la', 'la'), 47), (('gimme', 'gimme'), 41), (('like', 'a'), 39), (('what', 'you'), 38), (('in', 'the'), 38), (('it', 'get'), 38), (('want', 'a'), 35), (('gimme', 'more'), 34), (('yeah', 'yeah'), 30), (('let', 'me'), 30), (('more', 'gimme'), 30), (('piece', 'of'), 29), (('a', 'piece'), 28), (('of', 'the'), 27), (('of', 'me'), 27), (('oh', 'baby'), 26), (('baby', 'baby'), 22), (('ooh', 'ooh'), 22)]","[(('it', 'get', 'it'), 38), (('get', 'it', 'get'), 36), (('you', 'want', 'a'), 34), (('la', 'la', 'la'), 34), (('a', 'piece', 'of'), 27), (('want', 'a', 'piece'), 27), (('piece', 'of', 'me'), 27), (('gimme', 'more', 'gimme'), 26), (('gimme', 'gimme', 'more'), 24), (('yeah', 'yeah', 'yeah'), 22), (('let', 'me', 'see'), 22), (('you', 'might', 'also'), 20), (('might', 'also', 'like'), 20), (('oh', 'baby', 'baby'), 19), (('what', 'you', 'are'), 18), (('all', 'of', 'the'), 17), (('of', 'me', 'im'), 17), (('me', 'im', 'mrs'), 17), (('a', 'slumber', 'party'), 17), (('1', '2', '3'), 16)]","[(('get', 'it', 'get', 'it'), 36), (('you', 'want', 'a', 'piece'), 26), (('want', 'a', 'piece', 'of'), 26), (('it', 'get', 'it', 'get'), 26), (('a', 'piece', 'of', 'me'), 25), (('la', 'la', 'la', 'la'), 24), (('you', 'might', 'also', 'like'), 20), (('yeah', 'yeah', 'yeah', 'yeah'), 19), (('gimme', 'gimme', 'more', 'gimme'), 18), (('piece', 'of', 'me', 'im'), 17), (('of', 'me', 'im', 'mrs'), 16), (('more', 'gimme', 'gimme', 'more'), 15), (('like', 'a', 'slumber', 'party'), 15), (('you', 'better', 'work', 'bitch'), 14), (('work', 'work', 'work', 'work'), 14), (('boy', 'dont', 'try', 'to'), 14), (('dont', 'try', 'to', 'front'), 14), (('try', 'to', 'front', 'ii'), 14), (('to', 'front', 'ii', 'know'), 14), (('front', 'ii', 'know', 'just'), 14)]"
3,Carly Rae Jepsen,pop,female,"[(('gimmie', 'love'), 75), (('love', 'gimmie'), 69), (('really', 'really'), 55), (('i', 'want'), 47), (('for', 'you'), 47), (('to', 'the'), 46), (('you', 'want'), 45), (('i', 'wanna'), 43), (('if', 'you'), 42), (('want', 'me'), 40), (('that', 'i'), 38), (('na', 'na'), 36), (('and', 'i'), 35), (('too', 'much'), 32), (('i', 'know'), 30), (('i', 'will'), 30), (('on', 'my'), 27), (('take', 'me'), 27), (('will', 'be'), 27), (('do', 'you'), 26)]","[(('gimmie', 'love', 'gimmie'), 69), (('love', 'gimmie', 'love'), 63), (('really', 'really', 'really'), 44), (('you', 'want', 'me'), 40), (('na', 'na', 'na'), 27), (('i', 'will', 'be'), 27), (('run', 'away', 'with'), 23), (('back', 'on', 'my'), 23), (('on', 'my', 'beat'), 23), (('do', 'you', 'want'), 22), (('la', 'la', 'la'), 22), (('away', 'with', 'me'), 21), (('you', 'might', 'also'), 20), (('might', 'also', 'like'), 20), (('i', 'wanna', 'cut'), 20), (('i', 'want', 'you'), 19), (('is', 'this', 'too'), 18), (('now', 'that', 'i'), 18), (('that', 'i', 'found'), 18), (('cut', 'to', 'the'), 17)]","[(('gimmie', 'love', 'gimmie', 'love'), 63), (('love', 'gimmie', 'love', 'gimmie'), 57), (('really', 'really', 'really', 'really'), 33), (('back', 'on', 'my', 'beat'), 23), (('do', 'you', 'want', 'me'), 22), (('run', 'away', 'with', 'me'), 21), (('you', 'might', 'also', 'like'), 20), (('la', 'la', 'la', 'la'), 20), (('na', 'na', 'na', 'na'), 18), (('now', 'that', 'i', 'found'), 18), (('cut', 'to', 'the', 'feeling'), 17), (('i', 'wanna', 'cut', 'to'), 16), (('wanna', 'cut', 'to', 'the'), 16), (('show', 'me', 'if', 'you'), 16), (('that', 'i', 'found', 'you'), 16), (('you', 'want', 'me', 'too'), 15), (('i', 'will', 'be', 'your'), 15), (('me', 'if', 'you', 'want'), 14), (('if', 'you', 'want', 'me'), 14), (('will', 'be', 'your', 'friend'), 14)]"
4,Charli XCX,pop,female,"[(('it', 'i'), 273), (('i', 'got'), 192), (('got', 'it'), 191), (('shake', 'it'), 157), (('party', 'on'), 128), (('i', 'shake'), 126), (('of', 'my'), 115), (('on', 'you'), 101), (('out', 'of'), 100), (('you', 'party'), 80), (('it', 'on'), 74), (('lock', 'it'), 71), (('blame', 'it'), 69), (('your', 'love'), 68), (('it', 'lock'), 67), (('on', 'your'), 66), (('i', 'blame'), 60), (('i', 'like'), 57), (('my', 'head'), 54), (('like', 'i'), 51)]","[(('i', 'got', 'it'), 186), (('got', 'it', 'i'), 177), (('it', 'i', 'got'), 177), (('i', 'shake', 'it'), 125), (('out', 'of', 'my'), 94), (('party', 'on', 'you'), 88), (('shake', 'it', 'i'), 81), (('on', 'you', 'party'), 80), (('you', 'party', 'on'), 80), (('it', 'i', 'shake'), 78), (('blame', 'it', 'on'), 69), (('it', 'lock', 'it'), 67), (('it', 'on', 'your'), 63), (('i', 'blame', 'it'), 60), (('on', 'your', 'love'), 60), (('of', 'my', 'head'), 48), (('of', 'my', 'out'), 45), (('my', 'out', 'of'), 45), (('i', 'like', 'i'), 44), (('like', 'i', 'like'), 44)]","[(('got', 'it', 'i', 'got'), 177), (('i', 'got', 'it', 'i'), 176), (('it', 'i', 'got', 'it'), 175), (('party', 'on', 'you', 'party'), 80), (('on', 'you', 'party', 'on'), 80), (('i', 'shake', 'it', 'i'), 78), (('shake', 'it', 'i', 'shake'), 77), (('it', 'i', 'shake', 'it'), 77), (('blame', 'it', 'on', 'your'), 63), (('i', 'blame', 'it', 'on'), 60), (('it', 'on', 'your', 'love'), 60), (('out', 'of', 'my', 'head'), 48), (('out', 'of', 'my', 'out'), 45), (('of', 'my', 'out', 'of'), 45), (('i', 'like', 'i', 'like'), 44), (('my', 'out', 'of', 'my'), 42), (('lock', 'it', 'lock', 'it'), 40), (('you', 'party', 'on', 'you'), 40), (('on', 'your', 'love', 'i'), 38), (('it', 'lock', 'it', 'lock'), 36)]"
5,Dua Lipa,pop,female,"[(('come', 'on'), 50), (('the', 'one'), 50), (('i', 'know'), 49), (('be', 'the'), 39), (('i', 'cant'), 37), (('will', 'be'), 36), (('yeah', 'yeah'), 32), (('in', 'love'), 29), (('i', 'go'), 29), (('you', 'got'), 28), (('on', 'come'), 28), (('boys', 'will'), 28), (('be', 'boys'), 28), (('all', 'night'), 26), (('if', 'you'), 25), (('one', 'be'), 24), (('i', 'was'), 23), (('got', 'me'), 22), (('i', 'got'), 21), (('i', 'need'), 21)]","[(('be', 'the', 'one'), 39), (('come', 'on', 'come'), 28), (('on', 'come', 'on'), 28), (('boys', 'will', 'be'), 28), (('will', 'be', 'boys'), 28), (('yeah', 'yeah', 'yeah'), 24), (('the', 'one', 'be'), 24), (('one', 'be', 'the'), 24), (('be', 'boys', 'will'), 21), (('you', 'might', 'also'), 20), (('might', 'also', 'like'), 20), (('you', 'got', 'me'), 19), (('got', 'me', 'in'), 17), (('me', 'in', 'love'), 17), (('in', 'love', 'again'), 17), (('could', 'be', 'the'), 15), (('bad', 'bad', 'bad'), 15), (('thats', 'what', 'makes'), 14), (('what', 'makes', 'us'), 14), (('dont', 'dont', 'dont'), 13)]","[(('come', 'on', 'come', 'on'), 28), (('boys', 'will', 'be', 'boys'), 28), (('be', 'the', 'one', 'be'), 24), (('the', 'one', 'be', 'the'), 24), (('one', 'be', 'the', 'one'), 24), (('will', 'be', 'boys', 'will'), 21), (('be', 'boys', 'will', 'be'), 21), (('you', 'might', 'also', 'like'), 20), (('on', 'come', 'on', 'come'), 20), (('you', 'got', 'me', 'in'), 17), (('got', 'me', 'in', 'love'), 17), (('me', 'in', 'love', 'again'), 17), (('yeah', 'yeah', 'yeah', 'yeah'), 16), (('could', 'be', 'the', 'one'), 15), (('thats', 'what', 'makes', 'us'), 14), (('i', 'could', 'be', 'the'), 13), (('i', 'know', 'i', 'know'), 12), (('what', 'makes', 'us', 'good'), 12), (('makes', 'us', 'good', 'in'), 12), (('us', 'good', 'in', 'bed'), 12)]"
6,Madonna,pop,female,"[(('wake', 'up'), 64), (('up', 'wake'), 56), (('like', 'a'), 54), (('it', 'all'), 41), (('sorry', 'sorry'), 40), (('i', 'dont'), 38), (('and', 'i'), 37), (('all', 'before'), 37), (('a', 'material'), 36), (('ive', 'heard'), 34), (('heard', 'it'), 34), (('your', 'love'), 32), (('got', 'to'), 31), (('you', 'know'), 28), (('youve', 'got'), 28), (('so', 'slowly'), 27), (('in', 'a'), 24), (('do', 'you'), 24), (('a', 'prayer'), 23), (('to', 'me'), 23)]","[(('wake', 'up', 'wake'), 56), (('up', 'wake', 'up'), 56), (('it', 'all', 'before'), 37), (('ive', 'heard', 'it'), 34), (('heard', 'it', 'all'), 34), (('youve', 'got', 'to'), 28), (('sorry', 'sorry', 'sorry'), 28), (('like', 'a', 'prayer'), 23), (('a', 'material', 'world'), 23), (('living', 'in', 'a'), 22), (('in', 'a', 'material'), 22), (('just', 'like', 'a'), 21), (('all', 'before', 'ive'), 21), (('before', 'ive', 'heard'), 21), (('you', 'might', 'also'), 20), (('might', 'also', 'like'), 19), (('its', 'like', 'a'), 18), (('im', 'hung', 'up'), 18), (('make', 'up', 'make'), 18), (('up', 'make', 'up'), 18)]","[(('wake', 'up', 'wake', 'up'), 56), (('up', 'wake', 'up', 'wake'), 52), (('ive', 'heard', 'it', 'all'), 34), (('heard', 'it', 'all', 'before'), 34), (('living', 'in', 'a', 'material'), 22), (('in', 'a', 'material', 'world'), 22), (('it', 'all', 'before', 'ive'), 21), (('all', 'before', 'ive', 'heard'), 21), (('before', 'ive', 'heard', 'it'), 21), (('you', 'might', 'also', 'like'), 19), (('make', 'up', 'make', 'up'), 18), (('up', 'make', 'up', 'make'), 16), (('sorry', 'sorry', 'sorry', 'sorry'), 16), (('just', 'like', 'a', 'prayer'), 14), (('time', 'goes', 'by', 'so'), 14), (('goes', 'by', 'so', 'slowly'), 14), (('so', 'slowly', 'so', 'slowly'), 13), (('slowly', 'so', 'slowly', 'so'), 13), (('tick', 'tock', 'tick', 'tock'), 12), (('do', 'you', 'like', 'to'), 12)]"
7,Michael Jackson,pop,male,"[(('ma', 'ma'), 87), (('dont', 'stop'), 73), (('you', 'know'), 71), (('why', 'why'), 67), (('yeah', 'yeah'), 64), (('beat', 'it'), 60), (('what', 'about'), 56), (('keep', 'on'), 46), (('in', 'the'), 44), (('are', 'you'), 43), (('you', 'okay'), 43), (('with', 'the'), 42), (('it', 'beat'), 41), (('about', 'us'), 40), (('do', 'you'), 38), (('the', 'force'), 38), (('til', 'you'), 37), (('get', 'enough'), 37), (('sa', 'ma'), 36), (('dirty', 'diana'), 36)]","[(('why', 'why', 'why'), 47), (('are', 'you', 'okay'), 43), (('beat', 'it', 'beat'), 41), (('it', 'beat', 'it'), 41), (('sa', 'ma', 'ma'), 36), (('keep', 'on', 'with'), 36), (('on', 'with', 'the'), 36), (('til', 'you', 'get'), 36), (('you', 'get', 'enough'), 36), (('with', 'the', 'force'), 35), (('the', 'force', 'dont'), 35), (('force', 'dont', 'stop'), 35), (('dont', 'stop', 'til'), 35), (('stop', 'til', 'you'), 35), (('annie', 'are', 'you'), 30), (('remember', 'the', 'time'), 30), (('ma', 'ma', 'se'), 29), (('ma', 'se', 'ma'), 29), (('se', 'ma', 'ma'), 29), (('ma', 'ma', 'sa'), 29)]","[(('beat', 'it', 'beat', 'it'), 41), (('keep', 'on', 'with', 'the'), 36), (('til', 'you', 'get', 'enough'), 36), (('on', 'with', 'the', 'force'), 35), (('with', 'the', 'force', 'dont'), 35), (('the', 'force', 'dont', 'stop'), 35), (('dont', 'stop', 'til', 'you'), 35), (('stop', 'til', 'you', 'get'), 35), (('annie', 'are', 'you', 'okay'), 30), (('ma', 'ma', 'se', 'ma'), 29), (('ma', 'se', 'ma', 'ma'), 29), (('se', 'ma', 'ma', 'sa'), 29), (('ma', 'ma', 'sa', 'ma'), 29), (('ma', 'sa', 'ma', 'ma'), 29), (('sa', 'ma', 'ma', 'coo'), 29), (('ma', 'ma', 'coo', 'sa'), 29), (('it', 'beat', 'it', 'beat'), 28), (('you', 'get', 'enough', 'keep'), 28), (('get', 'enough', 'keep', 'on'), 28), (('enough', 'keep', 'on', 'with'), 28)]"
8,Olivia Rodrigo,pop,female,"[(('and', 'i'), 57), (('i', 'know'), 40), (('i', 'want'), 35), (('get', 'him'), 33), (('him', 'back'), 29), (('i', 'was'), 23), (('but', 'i'), 21), (('all', 'the'), 21), (('i', 'wanna'), 21), (('you', 'might'), 20), (('might', 'also'), 20), (('also', 'like'), 20), (('and', 'im'), 20), (('for', 'you'), 19), (('want', 'to'), 19), (('i', 'dont'), 19), (('that', 'i'), 18), (('oh', 'oh'), 18), (('to', 'get'), 18), (('do', 'you'), 17)]","[(('get', 'him', 'back'), 29), (('you', 'might', 'also'), 20), (('might', 'also', 'like'), 20), (('i', 'want', 'to'), 19), (('want', 'to', 'get'), 17), (('to', 'get', 'him'), 17), (('good', 'for', 'you'), 14), (('oh', 'oh', 'oh'), 13), (('its', 'social', 'suicide'), 13), (('but', 'then', 'i'), 11), (('then', 'i', 'i'), 11), (('i', 'i', 'want'), 11), (('makin', 'the', 'bed'), 11), (('you', 'get', 'déjà'), 9), (('get', 'déjà', 'vu'), 9), (('i', 'know', 'that'), 9), (('i', 'know', 'i'), 9), (('him', 'back', 'i'), 9), (('and', 'i', 'know'), 8), (('back', 'i', 'wanna'), 8)]","[(('you', 'might', 'also', 'like'), 20), (('i', 'want', 'to', 'get'), 17), (('want', 'to', 'get', 'him'), 17), (('to', 'get', 'him', 'back'), 17), (('but', 'then', 'i', 'i'), 11), (('then', 'i', 'i', 'want'), 11), (('i', 'i', 'want', 'to'), 11), (('oh', 'oh', 'oh', 'oh'), 11), (('you', 'get', 'déjà', 'vu'), 9), (('get', 'him', 'back', 'i'), 9), (('me', 'whos', 'been', 'makin'), 8), (('whos', 'been', 'makin', 'the'), 8), (('been', 'makin', 'the', 'bed'), 8), (('i', 'hope', 'youre', 'happy'), 7), (('him', 'back', 'i', 'wanna'), 7), (('love', 'is', 'never', 'logical'), 7), (('do', 'you', 'get', 'déjà'), 6), (('well', 'good', 'for', 'you'), 6), (('i', 'wanna', 'get', 'him'), 6), (('wanna', 'get', 'him', 'back'), 6)]"
9,Taylor Swift,pop,female,"[(('i', 'was'), 50), (('and', 'i'), 44), (('in', 'the'), 44), (('made', 'me'), 42), (('what', 'you'), 41), (('look', 'what'), 39), (('me', 'do'), 33), (('was', 'there'), 31), (('it', 'all'), 30), (('do', 'look'), 29), (('you', 'just'), 26), (('wanna', 'be'), 25), (('i', 'dont'), 24), (('ohoh', 'ohoh'), 24), (('you', 'made'), 22), (('be', 'your'), 22), (('in', 'my'), 21), (('you', 'might'), 21), (('for', 'the'), 21), (('i', 'wanna'), 21)]","[(('look', 'what', 'you'), 39), (('made', 'me', 'do'), 33), (('i', 'was', 'there'), 31), (('me', 'do', 'look'), 29), (('do', 'look', 'what'), 29), (('you', 'made', 'me'), 22), (('wanna', 'be', 'your'), 21), (('you', 'might', 'also'), 20), (('might', 'also', 'like'), 20), (('what', 'you', 'made'), 20), (('i', 'wanna', 'be'), 20), (('was', 'there', 'i'), 19), (('what', 'you', 'just'), 19), (('you', 'just', 'made'), 19), (('just', 'made', 'me'), 19), (('ohoh', 'ohoh', 'ohoh'), 18), (('youre', 'losin', 'me'), 17), (('remember', 'it', 'all'), 14), (('there', 'i', 'was'), 14), (('all', 'too', 'well'), 13)]","[(('made', 'me', 'do', 'look'), 29), (('me', 'do', 'look', 'what'), 29), (('do', 'look', 'what', 'you'), 29), (('you', 'might', 'also', 'like'), 20), (('look', 'what', 'you', 'made'), 20), (('what', 'you', 'made', 'me'), 20), (('you', 'made', 'me', 'do'), 20), (('i', 'wanna', 'be', 'your'), 20), (('i', 'was', 'there', 'i'), 19), (('look', 'what', 'you', 'just'), 19), (('what', 'you', 'just', 'made'), 19), (('you', 'just', 'made', 'me'), 19), (('was', 'there', 'i', 'was'), 14), (('there', 'i', 'was', 'there'), 14), (('just', 'made', 'me', 'do'), 13), (('ohoh', 'ohoh', 'ohoh', 'ohoh'), 12), (('let', 'the', 'games', 'begin'), 12), (('remember', 'it', 'all', 'too'), 11), (('it', 'all', 'too', 'well'), 11), (('for', 'the', 'hope', 'of'), 11)]"
10,Black Sabbath,rock,male,"[(('might', 'also'), 20), (('also', 'like'), 20), (('you', 'might'), 18), (('on', 'and'), 16), (('and', 'on'), 16), (('god', 'is'), 14), (('is', 'dead'), 13), (('im', 'going'), 12), (('oh', 'yeah'), 11), (('in', 'the'), 11), (('the', 'world'), 10), (('i', 'saw'), 10), (('and', 'you'), 9), (('you', 'know'), 9), (('dead', 'god'), 9), (('saw', 'it'), 8), (('of', 'the'), 7), (('children', 'of'), 7), (('in', 'my'), 7), (('tell', 'you'), 6)]","[(('might', 'also', 'like'), 20), (('you', 'might', 'also'), 18), (('on', 'and', 'on'), 16), (('god', 'is', 'dead'), 13), (('and', 'on', 'and'), 10), (('is', 'dead', 'god'), 9), (('dead', 'god', 'is'), 9), (('i', 'saw', 'it'), 8), (('im', 'going', 'to'), 6), (('going', 'to', 'feel'), 6), (('im', 'going', 'through'), 6), (('going', 'through', 'changes'), 6), (('saw', 'it', 'i'), 6), (('a', 'little', 'bit'), 6), (('little', 'bit', 'too'), 6), (('bit', 'too', 'strong'), 6), (('children', 'of', 'the'), 5), (('in', 'the', 'sky'), 5), (('to', 'feel', 'im'), 4), (('feel', 'im', 'going'), 4)]","[(('you', 'might', 'also', 'like'), 18), (('on', 'and', 'on', 'and'), 10), (('and', 'on', 'and', 'on'), 10), (('god', 'is', 'dead', 'god'), 9), (('is', 'dead', 'god', 'is'), 9), (('dead', 'god', 'is', 'dead'), 9), (('im', 'going', 'to', 'feel'), 6), (('im', 'going', 'through', 'changes'), 6), (('i', 'saw', 'it', 'i'), 6), (('a', 'little', 'bit', 'too'), 6), (('little', 'bit', 'too', 'strong'), 6), (('going', 'to', 'feel', 'im'), 4), (('to', 'feel', 'im', 'going'), 4), (('feel', 'im', 'going', 'to'), 4), (('its', 'on', 'and', 'on'), 4), (('yeah', 'fairies', 'wear', 'boots'), 4), (('fairies', 'wear', 'boots', 'and'), 4), (('wear', 'boots', 'and', 'you'), 4), (('boots', 'and', 'you', 'gotta'), 4), (('and', 'you', 'gotta', 'believe'), 4)]"
11,Deep Purple,rock,male,"[(('come', 'on'), 26), (('ive', 'been'), 22), (('im', 'a'), 21), (('might', 'also'), 20), (('yeah', 'yeah'), 19), (('on', 'the'), 18), (('also', 'like'), 18), (('you', 'might'), 16), (('space', 'truckin'), 16), (('on', 'come'), 16), (('oh', 'oh'), 15), (('its', 'a'), 13), (('you', 'know'), 13), (('in', 'the'), 12), (('a', 'long'), 11), (('long', 'way'), 11), (('like', 'a'), 10), (('i', 'love'), 10), (('i', 'need'), 10), (('i', 'got'), 10)]","[(('might', 'also', 'like'), 18), (('you', 'might', 'also'), 16), (('come', 'on', 'come'), 16), (('on', 'come', 'on'), 16), (('yeah', 'yeah', 'yeah'), 13), (('a', 'long', 'way'), 11), (('im', 'a', 'speed'), 10), (('a', 'speed', 'king'), 10), (('oh', 'oh', 'oh'), 9), (('nananana', 'nanana', 'nanana'), 9), (('where', 'youre', 'from'), 9), (('its', 'a', 'long'), 8), (('its', 'coming', 'your'), 7), (('coming', 'your', 'way'), 7), (('ive', 'been', 'losing'), 7), (('smoke', 'on', 'the'), 6), (('on', 'the', 'water'), 6), (('aaahaaahaaah', 'aaahaaahaaah', 'aaahahah'), 6), (('im', 'a', 'highway'), 6), (('a', 'highway', 'star'), 6)]","[(('come', 'on', 'come', 'on'), 16), (('you', 'might', 'also', 'like'), 14), (('im', 'a', 'speed', 'king'), 10), (('on', 'come', 'on', 'come'), 8), (('its', 'a', 'long', 'way'), 8), (('yeah', 'yeah', 'yeah', 'yeah'), 7), (('its', 'coming', 'your', 'way'), 7), (('smoke', 'on', 'the', 'water'), 6), (('im', 'a', 'highway', 'star'), 6), (('yeah', 'im', 'a', 'speed'), 6), (('oh', 'oh', 'oh', 'oh'), 5), (('nananana', 'nanana', 'nanana', 'nananana'), 5), (('nanana', 'nanana', 'nananana', 'nanana'), 5), (('nanana', 'nananana', 'nanana', 'nanana'), 5), (('space', 'truckin', 'come', 'on'), 5), (('truckin', 'come', 'on', 'come'), 5), (('space', 'truckin', 'yeah', 'yeah'), 5), (('truckin', 'yeah', 'yeah', 'yeah'), 5), (('yeah', 'yeah', 'yeah', 'space'), 5), (('yeah', 'yeah', 'space', 'truckin'), 5)]"
12,Foo Fighters,rock,male,"[(('and', 'on'), 43), (('the', 'best'), 42), (('on', 'and'), 41), (('shame', 'shame'), 40), (('is', 'a'), 32), (('best', 'the'), 30), (('i', 'say'), 27), (('if', 'i'), 26), (('one', 'of'), 25), (('what', 'if'), 24), (('to', 'the'), 21), (('you', 'might'), 20), (('might', 'also'), 20), (('also', 'like'), 20), (('its', 'times'), 20), (('times', 'like'), 20), (('like', 'these'), 20), (('when', 'i'), 18), (('learn', 'to'), 18), (('i', 'bet'), 18)]","[(('on', 'and', 'on'), 41), (('and', 'on', 'and'), 34), (('the', 'best', 'the'), 30), (('best', 'the', 'best'), 30), (('shame', 'shame', 'shame'), 28), (('what', 'if', 'i'), 24), (('if', 'i', 'say'), 24), (('you', 'might', 'also'), 20), (('might', 'also', 'like'), 20), (('its', 'times', 'like'), 20), (('times', 'like', 'these'), 20), (('again', 'its', 'times'), 17), (('one', 'of', 'these'), 17), (('of', 'these', 'days'), 17), (('i', 'say', 'im'), 16), (('say', 'im', 'not'), 16), (('like', 'these', 'you'), 15), (('on', 'to', 'the'), 14), (('to', 'the', 'next'), 14), (('bangin', 'on', 'the'), 14)]","[(('on', 'and', 'on', 'and'), 34), (('and', 'on', 'and', 'on'), 34), (('the', 'best', 'the', 'best'), 30), (('what', 'if', 'i', 'say'), 24), (('shame', 'shame', 'shame', 'shame'), 24), (('you', 'might', 'also', 'like'), 20), (('best', 'the', 'best', 'the'), 20), (('its', 'times', 'like', 'these'), 20), (('again', 'its', 'times', 'like'), 17), (('one', 'of', 'these', 'days'), 17), (('if', 'i', 'say', 'im'), 16), (('i', 'say', 'im', 'not'), 16), (('times', 'like', 'these', 'you'), 15), (('on', 'to', 'the', 'next'), 14), (('bangin', 'on', 'the', 'ceiling'), 14), (('i', 'dont', 'owe', 'you'), 12), (('dont', 'owe', 'you', 'anything'), 12), (('just', 'waitin', 'to', 'be'), 12), (('waitin', 'to', 'be', 'rescued'), 12), (('to', 'the', 'next', 'one'), 11)]"
13,Fugazi,rock,male,"[(('you', 'are'), 24), (('might', 'also'), 20), (('ive', 'got'), 18), (('are', 'my'), 18), (('never', 'mind'), 16), (('you', 'might'), 15), (('what', 'you'), 14), (('you', 'want'), 14), (('stop', 'stop'), 14), (('im', 'not'), 13), (('also', 'like'), 13), (('in', 'the'), 12), (('want', 'to'), 12), (('you', 'im'), 12), (('not', 'playing'), 12), (('playing', 'with'), 12), (('with', 'you'), 12), (('got', 'a'), 12), (('you', 'like'), 12), (('like', 'me'), 12)]","[(('you', 'are', 'my'), 18), (('you', 'might', 'also'), 15), (('might', 'also', 'like'), 13), (('you', 'want', 'to'), 12), (('im', 'not', 'playing'), 12), (('not', 'playing', 'with'), 12), (('playing', 'with', 'you'), 12), (('stop', 'stop', 'stop'), 12), (('you', 'like', 'me'), 12), (('the', 'no', 'movement'), 11), (('you', 'im', 'not'), 11), (('your', 'way', 'of'), 11), (('do', 'you', 'like'), 11), (('want', 'to', 'figure'), 10), (('to', 'figure', 'it'), 10), (('figure', 'it', 'out'), 10), (('well', 'throw', 'down'), 10), (('everybody', 'wants', 'somewhere'), 10), (('like', 'me', 'do'), 9), (('me', 'do', 'you'), 9)]","[(('im', 'not', 'playing', 'with'), 12), (('not', 'playing', 'with', 'you'), 12), (('you', 'im', 'not', 'playing'), 11), (('do', 'you', 'like', 'me'), 11), (('you', 'want', 'to', 'figure'), 10), (('want', 'to', 'figure', 'it'), 10), (('to', 'figure', 'it', 'out'), 10), (('stop', 'stop', 'stop', 'stop'), 10), (('you', 'like', 'me', 'do'), 9), (('like', 'me', 'do', 'you'), 9), (('me', 'do', 'you', 'like'), 9), (('question', 'ive', 'got', 'a'), 9), (('ive', 'got', 'a', 'question'), 9), (('you', 'might', 'also', 'like'), 8), (('playing', 'with', 'you', 'im'), 8), (('with', 'you', 'im', 'not'), 8), (('never', 'mind', 'never', 'mind'), 8), (('lets', 'knock', 'and', 'check'), 8), (('knock', 'and', 'check', 'to'), 8), (('and', 'check', 'to', 'see'), 8)]"
14,Led Zeppelin,rock,male,"[(('ah', 'ah'), 49), (('oh', 'oh'), 44), (('my', 'love'), 36), (('ooh', 'ooh'), 35), (('of', 'my'), 32), (('all', 'of'), 28), (('bring', 'it'), 25), (('might', 'also'), 20), (('my', 'my'), 20), (('you', 'might'), 19), (('also', 'like'), 19), (('ahh', 'ahh'), 18), (('baby', 'baby'), 18), (('ive', 'been'), 17), (('oh', 'yeah'), 16), (('im', 'gonna'), 16), (('it', 'back'), 16), (('going', 'down'), 16), (('lonely', 'lonely'), 16), (('been', 'a'), 15)]","[(('ah', 'ah', 'ah'), 38), (('ooh', 'ooh', 'ooh'), 31), (('oh', 'oh', 'oh'), 27), (('of', 'my', 'love'), 27), (('all', 'of', 'my'), 26), (('you', 'might', 'also'), 19), (('might', 'also', 'like'), 19), (('my', 'my', 'my'), 15), (('been', 'a', 'long'), 15), (('ahh', 'ahh', 'ahh'), 14), (('bring', 'it', 'back'), 13), (('whole', 'lotta', 'love'), 12), (('my', 'love', 'all'), 12), (('love', 'all', 'of'), 12), (('lonely', 'lonely', 'lonely'), 12), (('wanna', 'whole', 'lotta'), 11), (('back', 'bring', 'it'), 11), (('bring', 'it', 'bring'), 11), (('it', 'bring', 'it'), 11), (('a', 'long', 'time'), 11)]","[(('ooh', 'ooh', 'ooh', 'ooh'), 29), (('ah', 'ah', 'ah', 'ah'), 29), (('all', 'of', 'my', 'love'), 26), (('you', 'might', 'also', 'like'), 18), (('oh', 'oh', 'oh', 'oh'), 17), (('ahh', 'ahh', 'ahh', 'ahh'), 12), (('of', 'my', 'love', 'all'), 12), (('my', 'love', 'all', 'of'), 12), (('love', 'all', 'of', 'my'), 12), (('wanna', 'whole', 'lotta', 'love'), 11), (('my', 'my', 'my', 'my'), 11), (('back', 'bring', 'it', 'back'), 11), (('bring', 'it', 'bring', 'it'), 11), (('been', 'a', 'long', 'time'), 11), (('bring', 'it', 'back', 'bring'), 10), (('it', 'back', 'bring', 'it'), 10), (('it', 'bring', 'it', 'bring'), 10), (('whole', 'lotta', 'love', 'wanna'), 9), (('lotta', 'love', 'wanna', 'whole'), 9), (('love', 'wanna', 'whole', 'lotta'), 9)]"
15,Nirvana,rock,male,"[(('she', 'said'), 47), (('said', 'she'), 44), (('yeah', 'yeah'), 39), (('i', 'dont'), 37), (('im', 'not'), 34), (('in', 'the'), 33), (('we', 'are'), 28), (('hello', 'hello'), 24), (('i', 'do'), 23), (('have', 'a'), 22), (('rape', 'me'), 22), (('all', 'in'), 22), (('in', 'all'), 22), (('all', 'is'), 22), (('is', 'all'), 22), (('all', 'we'), 22), (('are', 'all'), 21), (('find', 'a'), 21), (('a', 'way'), 21), (('might', 'also'), 20)]","[(('she', 'said', 'she'), 44), (('said', 'she', 'said'), 44), (('yeah', 'yeah', 'yeah'), 35), (('all', 'in', 'all'), 22), (('in', 'all', 'is'), 22), (('all', 'is', 'all'), 22), (('is', 'all', 'we'), 22), (('all', 'we', 'are'), 22), (('we', 'are', 'all'), 21), (('are', 'all', 'in'), 21), (('find', 'a', 'way'), 21), (('might', 'also', 'like'), 20), (('you', 'might', 'also'), 19), (('me', 'rape', 'me'), 17), (('you', 'know', 'youre'), 17), (('know', 'youre', 'right'), 17), (('im', 'not', 'gonna'), 16), (('not', 'gonna', 'crack'), 16), (('rape', 'me', 'rape'), 16), (('youre', 'right', 'you'), 16)]","[(('she', 'said', 'she', 'said'), 44), (('said', 'she', 'said', 'she'), 41), (('yeah', 'yeah', 'yeah', 'yeah'), 31), (('all', 'in', 'all', 'is'), 22), (('in', 'all', 'is', 'all'), 22), (('all', 'is', 'all', 'we'), 22), (('is', 'all', 'we', 'are'), 22), (('all', 'we', 'are', 'all'), 21), (('we', 'are', 'all', 'in'), 21), (('are', 'all', 'in', 'all'), 21), (('you', 'might', 'also', 'like'), 19), (('you', 'know', 'youre', 'right'), 17), (('im', 'not', 'gonna', 'crack'), 16), (('rape', 'me', 'rape', 'me'), 16), (('know', 'youre', 'right', 'you'), 16), (('youre', 'right', 'you', 'know'), 16), (('right', 'you', 'know', 'youre'), 15), (('not', 'gonna', 'crack', 'i'), 14), (('something', 'in', 'the', 'way'), 14), (('knows', 'not', 'what', 'it'), 14)]"
16,Queens of the Stone Age,rock,male,"[(('ah', 'ah'), 56), (('i', 'wanna'), 26), (('in', 'the'), 23), (('might', 'also'), 20), (('make', 'it'), 20), (('you', 'might'), 19), (('also', 'like'), 19), (('wanna', 'make'), 19), (('and', 'on'), 19), (('valium', 'vicodin'), 16), (('vicodin', 'marijuana'), 16), (('nicotine', 'valium'), 15), (('marijuana', 'ecstasy'), 15), (('ecstasy', 'and'), 15), (('and', 'alcohol'), 15), (('gimme', 'some'), 14), (('on', 'and'), 14), (('oh', 'oh'), 13), (('some', 'more'), 12), (('again', 'and'), 12)]","[(('ah', 'ah', 'ah'), 52), (('you', 'might', 'also'), 19), (('might', 'also', 'like'), 19), (('i', 'wanna', 'make'), 19), (('wanna', 'make', 'it'), 19), (('valium', 'vicodin', 'marijuana'), 16), (('nicotine', 'valium', 'vicodin'), 15), (('vicodin', 'marijuana', 'ecstasy'), 15), (('marijuana', 'ecstasy', 'and'), 15), (('ecstasy', 'and', 'alcohol'), 15), (('on', 'and', 'on'), 13), (('gimme', 'some', 'more'), 12), (('again', 'and', 'again'), 12), (('oh', 'oh', 'oh'), 11), (('gimme', 'toro', 'gimme'), 10), (('toro', 'gimme', 'some'), 10), (('make', 'it', 'wit'), 9), (('it', 'wit', 'chu'), 9), (('and', 'on', 'and'), 9), (('calling', 'me', 'its'), 9)]","[(('ah', 'ah', 'ah', 'ah'), 48), (('i', 'wanna', 'make', 'it'), 19), (('you', 'might', 'also', 'like'), 18), (('nicotine', 'valium', 'vicodin', 'marijuana'), 15), (('valium', 'vicodin', 'marijuana', 'ecstasy'), 15), (('vicodin', 'marijuana', 'ecstasy', 'and'), 15), (('marijuana', 'ecstasy', 'and', 'alcohol'), 15), (('gimme', 'toro', 'gimme', 'some'), 10), (('toro', 'gimme', 'some', 'more'), 10), (('wanna', 'make', 'it', 'wit'), 9), (('make', 'it', 'wit', 'chu'), 9), (('oh', 'oh', 'oh', 'oh'), 9), (('if', 'i', 'had', 'a'), 8), (('i', 'had', 'a', 'tail'), 8), (('and', 'on', 'and', 'on'), 8), (('calling', 'me', 'its', 'calling'), 8), (('me', 'its', 'calling', 'me'), 8), (('its', 'calling', 'me', 'its'), 8), (('gimme', 'some', 'more', 'gimme'), 7), (('some', 'more', 'gimme', 'toro'), 7)]"
17,The Rolling Stones,rock,male,"[(('its', 'just'), 26), (('get', 'what'), 25), (('what', 'you'), 25), (('hey', 'hey'), 25), (('just', 'a'), 24), (('i', 'cant'), 24), (('you', 'cant'), 22), (('you', 'might'), 21), (('might', 'also'), 20), (('and', 'i'), 20), (('cant', 'get'), 20), (('get', 'no'), 20), (('also', 'like'), 19), (('like', 'a'), 19), (('a', 'shot'), 19), (('shot', 'away'), 19), (('never', 'never'), 19), (('cant', 'always'), 18), (('always', 'get'), 18), (('you', 'want'), 18)]","[(('get', 'what', 'you'), 25), (('its', 'just', 'a'), 24), (('you', 'might', 'also'), 20), (('i', 'cant', 'get'), 20), (('cant', 'get', 'no'), 20), (('might', 'also', 'like'), 19), (('just', 'a', 'shot'), 19), (('a', 'shot', 'away'), 19), (('you', 'cant', 'always'), 18), (('cant', 'always', 'get'), 18), (('always', 'get', 'what'), 18), (('what', 'you', 'want'), 18), (('hey', 'hey', 'hey'), 16), (('away', 'its', 'just'), 15), (('never', 'never', 'never'), 13), (('angry', 'with', 'me'), 13), (('under', 'my', 'thumb'), 13), (('ooo', 'hoo', 'hoo'), 12), (('its', 'a', 'gas'), 12), (('shot', 'away', 'its'), 11)]","[(('i', 'cant', 'get', 'no'), 20), (('you', 'might', 'also', 'like'), 19), (('its', 'just', 'a', 'shot'), 19), (('just', 'a', 'shot', 'away'), 19), (('you', 'cant', 'always', 'get'), 18), (('cant', 'always', 'get', 'what'), 18), (('always', 'get', 'what', 'you'), 18), (('get', 'what', 'you', 'want'), 18), (('away', 'its', 'just', 'a'), 15), (('a', 'shot', 'away', 'its'), 11), (('shot', 'away', 'its', 'just'), 11), (('make', 'a', 'grown', 'man'), 10), (('a', 'grown', 'man', 'cry'), 10), (('ooo', 'hoo', 'hoo', 'ooo'), 9), (('hoo', 'hoo', 'ooo', 'hoo'), 9), (('hoo', 'ooo', 'hoo', 'hoo'), 9), (('i', 'try', 'and', 'i'), 9), (('try', 'and', 'i', 'try'), 9), (('she', 'comes', 'in', 'colours'), 9), (('jumpin', 'jack', 'flash', 'its'), 9)]"
18,The Strokes,rock,male,"[(('on', 'the'), 21), (('you', 'might'), 20), (('might', 'also'), 20), (('also', 'like'), 20), (('i', 'dont'), 20), (('yeah', 'oh'), 20), (('hey', 'yeah'), 19), (('for', 'you'), 17), (('i', 'cant'), 15), (('bad', 'decisions'), 15), (('i', 'know'), 14), (('i', 'just'), 14), (('but', 'i'), 13), (('ill', 'be'), 13), (('makin', 'bad'), 12), (('i', 'want'), 11), (('that', 'you'), 11), (('im', 'not'), 11), (('in', 'the'), 10), (('dont', 'want'), 9)]","[(('you', 'might', 'also'), 20), (('might', 'also', 'like'), 20), (('hey', 'yeah', 'oh'), 19), (('makin', 'bad', 'decisions'), 12), (('on', 'the', 'bright'), 8), (('the', 'bright', 'side'), 8), (('ill', 'be', 'waiting'), 7), (('nah', 'nah', 'nah'), 6), (('i', 'just', 'cant'), 6), (('for', 'a', 'while'), 6), (('is', 'this', 'it'), 6), (('oh', 'maybe', 'not'), 5), (('maybe', 'not', 'tonight'), 5), (('also', 'like', 'oh'), 5), (('im', 'staying', 'hungry'), 5), (('she', 'said', '""oh'), 5), (('oh', 'makin', 'bad'), 5), (('ooh', 'ooh', 'ooh'), 5), (('im', 'not', 'gonna'), 5), (('not', 'gonna', 'give'), 5)]","[(('you', 'might', 'also', 'like'), 20), (('on', 'the', 'bright', 'side'), 8), (('oh', 'maybe', 'not', 'tonight'), 5), (('might', 'also', 'like', 'oh'), 5), (('nah', 'nah', 'nah', 'nah'), 5), (('oh', 'makin', 'bad', 'decisions'), 5), (('im', 'not', 'gonna', 'give'), 5), (('the', 'right', 'thing', 'but'), 4), (('you', 'want', 'me', 'to'), 4), (('maybe', 'not', 'tonight', 'oh'), 4), (('not', 'tonight', 'oh', 'maybe'), 4), (('tonight', 'oh', 'maybe', 'not'), 4), (('might', 'also', 'like', 'i'), 4), (('i', 'just', 'want', 'to'), 4), (('just', 'for', 'a', 'while'), 4), (('is', 'this', 'it', 'is'), 4), (('this', 'it', 'is', 'this'), 4), (('it', 'is', 'this', 'it'), 4), (('i', 'dont', 'see', 'it'), 4), (('dont', 'see', 'it', 'that'), 4)]"
19,The White Stripes,rock,male,"[(('in', 'the'), 36), (('theres', 'no'), 28), (('gonna', 'ring'), 28), (('ring', 'it'), 28), (('for', 'you'), 25), (('ah', 'ah'), 22), (('to', 'do'), 21), (('when', 'you'), 21), (('you', 'gonna'), 21), (('might', 'also'), 20), (('also', 'like'), 20), (('dont', 'know'), 20), (('no', 'home'), 20), (('home', 'for'), 20), (('you', 'here'), 20), (('you', 'might'), 18), (('thinkin', 'about'), 18), (('about', 'my'), 15), (('my', 'doorbell'), 15), (('and', 'i'), 14)]","[(('gonna', 'ring', 'it'), 28), (('you', 'gonna', 'ring'), 21), (('might', 'also', 'like'), 20), (('theres', 'no', 'home'), 20), (('no', 'home', 'for'), 20), (('home', 'for', 'you'), 20), (('for', 'you', 'here'), 20), (('when', 'you', 'gonna'), 20), (('ah', 'ah', 'ah'), 19), (('you', 'might', 'also'), 18), (('thinkin', 'about', 'my'), 15), (('about', 'my', 'doorbell'), 15), (('what', 'to', 'do'), 14), (('button', 'to', 'button'), 13), (('dont', 'know', 'what'), 13), (('know', 'what', 'to'), 13), (('the', 'hardest', 'button'), 12), (('hardest', 'button', 'to'), 12), (('la', 'la', 'la'), 12), (('in', 'the', 'cold'), 12)]","[(('you', 'gonna', 'ring', 'it'), 21), (('theres', 'no', 'home', 'for'), 20), (('no', 'home', 'for', 'you'), 20), (('home', 'for', 'you', 'here'), 20), (('when', 'you', 'gonna', 'ring'), 20), (('you', 'might', 'also', 'like'), 18), (('ah', 'ah', 'ah', 'ah'), 16), (('thinkin', 'about', 'my', 'doorbell'), 15), (('dont', 'know', 'what', 'to'), 13), (('know', 'what', 'to', 'do'), 13), (('the', 'hardest', 'button', 'to'), 12), (('hardest', 'button', 'to', 'button'), 12), (('in', 'the', 'cold', 'cold'), 12), (('the', 'cold', 'cold', 'night'), 12), (('la', 'la', 'la', 'la'), 11), (('im', 'thinkin', 'about', 'my'), 11), (('about', 'my', 'doorbell', 'when'), 11), (('gonna', 'ring', 'it', 'yeah'), 11), (('for', 'you', 'here', 'girl'), 10), (('you', 'here', 'girl', 'go'), 10)]"
20,2Pac,rap,male,"[(('in', 'the'), 76), (('only', 'god'), 46), (('you', 'know'), 41), (('i', 'aint'), 39), (('nothin', 'but'), 36), (('the', 'way'), 35), (('but', 'a'), 34), (('the', 'world'), 34), (('god', 'can'), 34), (('it', 'is'), 33), (('to', 'the'), 33), (('can', 'judge'), 33), (('judge', 'me'), 33), (('see', 'me'), 32), (('the', 'same'), 32), (('gangsta', 'party'), 32), (('against', 'the'), 30), (('aint', 'nothin'), 29), (('me', 'against'), 29), (('on', 'the'), 28)]","[(('nothin', 'but', 'a'), 33), (('only', 'god', 'can'), 33), (('god', 'can', 'judge'), 33), (('can', 'judge', 'me'), 33), (('me', 'against', 'the'), 29), (('against', 'the', 'world'), 29), (('way', 'it', 'is'), 28), (('aint', 'nothin', 'but'), 27), (('the', 'way', 'it'), 26), (('but', 'a', 'gangsta'), 26), (('a', 'gangsta', 'party'), 26), (('me', 'only', 'god'), 26), (('judge', 'me', 'only'), 25), (('round', 'and', 'round'), 25), (('i', 'aint', 'mad'), 23), (('aint', 'mad', 'at'), 23), (('mad', 'at', 'cha'), 23), (('cant', 'see', 'me'), 21), (('its', 'all', 'about'), 20), (('all', 'about', 'you'), 19)]","[(('only', 'god', 'can', 'judge'), 33), (('god', 'can', 'judge', 'me'), 33), (('me', 'against', 'the', 'world'), 29), (('the', 'way', 'it', 'is'), 26), (('aint', 'nothin', 'but', 'a'), 26), (('nothin', 'but', 'a', 'gangsta'), 26), (('but', 'a', 'gangsta', 'party'), 26), (('can', 'judge', 'me', 'only'), 25), (('judge', 'me', 'only', 'god'), 25), (('i', 'aint', 'mad', 'at'), 23), (('aint', 'mad', 'at', 'cha'), 23), (('you', 'might', 'also', 'like'), 18), (('its', 'just', 'me', 'against'), 18), (('just', 'me', 'against', 'the'), 18), (('its', 'all', 'about', 'you'), 18), (('just', 'the', 'way', 'it'), 15), (('all', 'eyes', 'on', 'me'), 15), (('thats', 'just', 'the', 'way'), 14), (('the', 'life', 'of', 'a'), 13), (('mad', 'at', 'cha', 'i'), 13)]"
21,A Tribe Called Quest,rap,male,"[(('buggin', 'out'), 65), (('out', 'buggin'), 47), (('oh', 'my'), 46), (('my', 'god'), 44), (('on', 'the'), 43), (('of', 'sound'), 41), (('you', 'know'), 39), (('relax', 'yourself'), 37), (('yourself', 'girl'), 37), (('girl', 'please'), 37), (('please', 'settle'), 37), (('settle', 'down'), 37), (('phife', 'dawg'), 36), (('with', 'the'), 33), (('sound', 'solid'), 33), (('down', 'relax'), 30), (('in', 'the'), 30), (('for', 'the'), 30), (('this', 'shit'), 28), (('solid', 'wall'), 28)]","[(('out', 'buggin', 'out'), 47), (('buggin', 'out', 'buggin'), 46), (('oh', 'my', 'god'), 44), (('relax', 'yourself', 'girl'), 37), (('yourself', 'girl', 'please'), 37), (('girl', 'please', 'settle'), 37), (('please', 'settle', 'down'), 37), (('of', 'sound', 'solid'), 32), (('settle', 'down', 'relax'), 30), (('down', 'relax', 'yourself'), 30), (('solid', 'wall', 'of'), 28), (('wall', 'of', 'sound'), 28), (('sound', 'solid', 'wall'), 26), (('dont', 'you', 'know'), 25), (('all', 'this', 'shit'), 25), (('shit', 'is', 'fantasy'), 25), (('this', 'shit', 'is'), 24), (('gotta', 'put', 'me'), 23), (('kids', 'dont', 'you'), 23), (('you', 'know', 'how'), 23)]","[(('buggin', 'out', 'buggin', 'out'), 46), (('relax', 'yourself', 'girl', 'please'), 37), (('yourself', 'girl', 'please', 'settle'), 37), (('girl', 'please', 'settle', 'down'), 37), (('out', 'buggin', 'out', 'buggin'), 31), (('please', 'settle', 'down', 'relax'), 30), (('settle', 'down', 'relax', 'yourself'), 30), (('down', 'relax', 'yourself', 'girl'), 30), (('solid', 'wall', 'of', 'sound'), 28), (('of', 'sound', 'solid', 'wall'), 26), (('sound', 'solid', 'wall', 'of'), 26), (('wall', 'of', 'sound', 'solid'), 25), (('all', 'this', 'shit', 'is'), 24), (('this', 'shit', 'is', 'fantasy'), 24), (('kids', 'dont', 'you', 'know'), 23), (('dont', 'you', 'know', 'how'), 23), (('you', 'know', 'how', 'all'), 23), (('know', 'how', 'all', 'this'), 23), (('how', 'all', 'this', 'shit'), 23), (('kids', 'kids', 'dont', 'you'), 22)]"
22,Eminem,rap,male,"[(('your', 'superman'), 63), (('cant', 'be'), 50), (('be', 'your'), 49), (('in', 'the'), 47), (('i', 'dont'), 46), (('superman', 'cant'), 35), (('i', 'know'), 34), (('and', 'i'), 32), (('on', 'my'), 32), (('like', 'a'), 31), (('i', 'got'), 30), (('but', 'i'), 29), (('stand', 'up'), 28), (('i', 'cant'), 27), (('please', 'stand'), 27), (('and', 'im'), 26), (('on', 'the'), 25), (('with', 'the'), 25), (('in', 'a'), 24), (('i', 'love'), 24)]","[(('cant', 'be', 'your'), 49), (('be', 'your', 'superman'), 49), (('your', 'superman', 'cant'), 35), (('superman', 'cant', 'be'), 35), (('please', 'stand', 'up'), 27), (('might', 'also', 'like'), 18), (('you', 'might', 'also'), 17), (('stand', 'up', 'please'), 16), (('up', 'please', 'stand'), 16), (('we', 'have', 'in'), 16), (('dont', 'fall', 'on'), 16), (('newooh', 'oohooh', 'newooh'), 15), (('oohooh', 'newooh', 'oohooh'), 15), (('thats', 'how', 'much'), 15), (('how', 'much', 'we'), 15), (('much', 'we', 'have'), 15), (('have', 'in', 'common'), 15), (('fall', 'on', 'my'), 15), (('the', 'roof', 'comes'), 14), (('roof', 'comes', 'off'), 14)]","[(('cant', 'be', 'your', 'superman'), 49), (('be', 'your', 'superman', 'cant'), 35), (('your', 'superman', 'cant', 'be'), 35), (('superman', 'cant', 'be', 'your'), 35), (('you', 'might', 'also', 'like'), 17), (('please', 'stand', 'up', 'please'), 16), (('stand', 'up', 'please', 'stand'), 16), (('up', 'please', 'stand', 'up'), 16), (('newooh', 'oohooh', 'newooh', 'oohooh'), 15), (('thats', 'how', 'much', 'we'), 15), (('how', 'much', 'we', 'have'), 15), (('much', 'we', 'have', 'in'), 15), (('we', 'have', 'in', 'common'), 15), (('dont', 'fall', 'on', 'my'), 15), (('the', 'roof', 'comes', 'off'), 14), (('i', 'cant', 'be', 'your'), 14), (('your', 'superman', 'your', 'superman'), 14), (('shady', 'please', 'stand', 'up'), 11), (('i', 'love', 'the', 'way'), 11), (('love', 'the', 'way', 'you'), 11)]"
23,Ice Cube,rap,male,"[(('do', 'it'), 74), (('in', 'the'), 68), (('if', 'you'), 60), (('for', 'the'), 37), (('the', 'fuck'), 32), (('it', 'put'), 31), (('put', 'your'), 31), (('into', 'it'), 31), (('ice', 'cube'), 30), (('you', 'a'), 30), (('yo', 'self'), 29), (('with', 'the'), 28), (('the', 'president'), 28), (('on', 'the'), 27), (('your', 'ass'), 26), (('i', 'got'), 26), (('you', 'dont'), 26), (('can', 'do'), 26), (('arrest', 'the'), 25), (('go', 'to'), 24)]","[(('it', 'put', 'your'), 31), (('arrest', 'the', 'president'), 25), (('if', 'you', 'a'), 25), (('can', 'do', 'it'), 24), (('do', 'it', 'put'), 24), (('might', 'also', 'like'), 20), (('the', 'fuck', 'we'), 20), (('you', 'might', 'also'), 19), (('if', 'you', 'dont'), 19), (('you', 'scared', 'you'), 17), (('scared', 'you', 'scared'), 17), (('put', 'your', 'ass'), 16), (('your', 'ass', 'into'), 16), (('ass', 'into', 'it'), 16), (('do', 'it', 'do'), 16), (('it', 'do', 'it'), 16), (('heres', 'what', 'they'), 15), (('what', 'they', 'think'), 15), (('they', 'think', 'about'), 15), (('think', 'about', 'you'), 15)]","[(('can', 'do', 'it', 'put'), 24), (('do', 'it', 'put', 'your'), 24), (('you', 'might', 'also', 'like'), 19), (('you', 'scared', 'you', 'scared'), 17), (('it', 'put', 'your', 'ass'), 16), (('put', 'your', 'ass', 'into'), 16), (('your', 'ass', 'into', 'it'), 16), (('do', 'it', 'do', 'it'), 16), (('heres', 'what', 'they', 'think'), 15), (('what', 'they', 'think', 'about'), 15), (('they', 'think', 'about', 'you'), 15), (('it', 'put', 'your', 'back'), 15), (('put', 'your', 'back', 'into'), 15), (('your', 'back', 'into', 'it'), 15), (('look', 'at', 'these', 'niggas'), 14), (('at', 'these', 'niggas', 'with'), 14), (('these', 'niggas', 'with', 'attitudes'), 14), (('yo', 'self', 'before', 'you'), 13), (('aint', 'nothin', 'to', 'it'), 12), (('nothin', 'to', 'it', 'gangsta'), 12)]"
24,JAY-Z,rap,male,"[(('in', 'the'), 43), (('i', 'got'), 41), (('yeah', 'yeah'), 36), (('on', 'the'), 34), (('i', 'dont'), 31), (('you', 'know'), 28), (('uh', 'uh'), 26), (('know', 'i'), 24), (('this', 'rap'), 24), (('rap', 'shit'), 24), (('with', 'me'), 23), (('new', 'york'), 23), (('we', 'runnin'), 23), (('runnin', 'this'), 23), (('got', 'it'), 22), (('me', 'you'), 21), (('i', 'know'), 20), (('might', 'also'), 20), (('also', 'like'), 20), (('to', 'the'), 20)]","[(('this', 'rap', 'shit'), 24), (('we', 'runnin', 'this'), 23), (('runnin', 'this', 'rap'), 23), (('might', 'also', 'like'), 20), (('i', 'got', 'it'), 20), (('fuck', 'with', 'me'), 20), (('you', 'might', 'also'), 19), (('you', 'know', 'i'), 19), (('know', 'i', 'got'), 19), (('uh', 'uh', 'uh'), 18), (('with', 'me', 'you'), 18), (('me', 'you', 'know'), 18), (('yeah', 'yeah', 'yeah'), 15), (('the', 'song', 'cry'), 14), (('give', 'it', 'up'), 13), (('yeah', 'yeah', 'like'), 13), (('yeah', 'like', 'yeah'), 13), (('like', 'yeah', 'yeah'), 13), (('one', 'day', 'youre'), 12), (('it', 'up', 'give'), 12)]","[(('we', 'runnin', 'this', 'rap'), 23), (('runnin', 'this', 'rap', 'shit'), 23), (('you', 'might', 'also', 'like'), 19), (('know', 'i', 'got', 'it'), 19), (('fuck', 'with', 'me', 'you'), 18), (('with', 'me', 'you', 'know'), 18), (('me', 'you', 'know', 'i'), 18), (('you', 'know', 'i', 'got'), 18), (('yeah', 'yeah', 'yeah', 'like'), 13), (('yeah', 'yeah', 'like', 'yeah'), 13), (('yeah', 'like', 'yeah', 'yeah'), 13), (('like', 'yeah', 'yeah', 'yeah'), 13), (('give', 'it', 'up', 'give'), 12), (('it', 'up', 'give', 'it'), 12), (('it', 'fuck', 'with', 'me'), 12), (('renegade', 'never', 'been', 'afraid'), 12), (('never', 'been', 'afraid', 'to'), 12), (('we', 'be', 'big', 'pimpin'), 12), (('comin', 'down', 'my', 'eyes'), 12), (('down', 'my', 'eyes', 'so'), 12)]"
25,Kanye West,rap,male,"[(('in', 'the'), 44), (('look', 'at'), 41), (('bam', 'bam'), 41), (('i', 'know'), 40), (('ey', 'ey'), 40), (('at', 'ya'), 30), (('for', 'the'), 28), (('get', 'down'), 28), (('i', 'dont'), 27), (('you', 'cant'), 27), (('la', 'la'), 27), (('and', 'a'), 25), (('and', 'i'), 25), (('i', 'just'), 24), (('ya', 'look'), 24), (('i', 'gotta'), 24), (('grid', 'grid'), 24), (('i', 'aint'), 23), (('chill', 'chill'), 23), (('i', 'got'), 22)]","[(('look', 'at', 'ya'), 30), (('at', 'ya', 'look'), 24), (('ya', 'look', 'at'), 24), (('ey', 'ey', 'ey'), 24), (('chill', 'chill', 'chill'), 22), (('bam', 'bam', 'bam'), 20), (('might', 'also', 'like'), 19), (('you', 'might', 'also'), 18), (('la', 'la', 'la'), 18), (('bam', 'ey', 'ey'), 16), (('i', 'gotta', 'leave'), 16), (('gotta', 'leave', 'get'), 16), (('leave', 'get', 'down'), 16), (('get', 'down', 'girl'), 16), (('down', 'girl', 'go'), 16), (('girl', 'go', 'head'), 16), (('have', 'a', 'toast'), 15), (('grid', 'grid', 'grid'), 15), (('lets', 'have', 'a'), 14), (('you', 'cant', 'tell'), 13)]","[(('look', 'at', 'ya', 'look'), 24), (('at', 'ya', 'look', 'at'), 24), (('ya', 'look', 'at', 'ya'), 24), (('chill', 'chill', 'chill', 'chill'), 21), (('you', 'might', 'also', 'like'), 18), (('bam', 'ey', 'ey', 'ey'), 16), (('i', 'gotta', 'leave', 'get'), 16), (('gotta', 'leave', 'get', 'down'), 16), (('leave', 'get', 'down', 'girl'), 16), (('get', 'down', 'girl', 'go'), 16), (('down', 'girl', 'go', 'head'), 16), (('you', 'cant', 'tell', 'me'), 13), (('cant', 'tell', 'me', 'nothing'), 13), (('ima', 'need', 'to', 'see'), 12), (('need', 'to', 'see', 'your'), 12), (('to', 'see', 'your', 'fuckin'), 12), (('see', 'your', 'fuckin', 'hands'), 12), (('lets', 'have', 'a', 'toast'), 12), (('have', 'a', 'toast', 'for'), 12), (('a', 'toast', 'for', 'the'), 12)]"
26,Kendrick Lamar,rap,male,"[(('in', 'the'), 74), (('hol', 'up'), 60), (('i', 'got'), 54), (('i', 'know'), 39), (('i', 'can'), 37), (('if', 'i'), 37), (('and', 'i'), 37), (('ya', 'bish'), 36), (('we', 'gon'), 35), (('you', 'can'), 35), (('to', 'the'), 31), (('on', 'the'), 31), (('love', 'me'), 31), (('i', 'was'), 29), (('sit', 'down'), 28), (('get', 'it'), 27), (('gon', 'be'), 27), (('be', 'alright'), 27), (('up', 'hol'), 26), (('of', 'the'), 26)]","[(('we', 'gon', 'be'), 27), (('gon', 'be', 'alright'), 27), (('up', 'hol', 'up'), 25), (('bitch', 'dont', 'kill'), 25), (('dont', 'kill', 'my'), 25), (('kill', 'my', 'vibe'), 25), (('sing', 'about', 'me'), 25), (('hol', 'up', 'hol'), 24), (('ya', 'bish', 'ya'), 24), (('bish', 'ya', 'bish'), 24), (('can', 'get', 'it'), 22), (('you', 'might', 'also'), 20), (('might', 'also', 'like'), 20), (('you', 'can', 'get'), 20), (('know', 'just', 'know'), 20), (('just', 'know', 'just'), 20), (('loyalty', 'loyalty', 'loyalty'), 20), (('my', 'vibe', 'bitch'), 17), (('vibe', 'bitch', 'dont'), 17), (('sit', 'down', 'hol'), 16)]","[(('we', 'gon', 'be', 'alright'), 27), (('bitch', 'dont', 'kill', 'my'), 25), (('dont', 'kill', 'my', 'vibe'), 25), (('ya', 'bish', 'ya', 'bish'), 24), (('hol', 'up', 'hol', 'up'), 23), (('you', 'might', 'also', 'like'), 20), (('you', 'can', 'get', 'it'), 20), (('know', 'just', 'know', 'just'), 20), (('kill', 'my', 'vibe', 'bitch'), 17), (('my', 'vibe', 'bitch', 'dont'), 17), (('vibe', 'bitch', 'dont', 'kill'), 17), (('sit', 'down', 'hol', 'up'), 16), (('promise', 'that', 'you', 'will'), 16), (('that', 'you', 'will', 'sing'), 16), (('you', 'will', 'sing', 'about'), 16), (('will', 'sing', 'about', 'me'), 16), (('can', 'get', 'it', 'you'), 15), (('get', 'it', 'you', 'can'), 15), (('it', 'you', 'can', 'get'), 15), (('just', 'know', 'just', 'know'), 15)]"
27,MF DOOM,rap,male,"[(('in', 'the'), 40), (('like', 'a'), 35), (('on', 'the'), 34), (('to', 'the'), 24), (('for', 'the'), 21), (('of', 'the'), 19), (('you', 'might'), 19), (('might', 'also'), 19), (('also', 'like'), 19), (('with', 'the'), 17), (('like', 'the'), 15), (('in', 'a'), 13), (('when', 'i'), 12), (('to', 'get'), 12), (('for', 'a'), 12), (('with', 'a'), 12), (('and', 'the'), 12), (('the', 'whole'), 11), (('get', 'the'), 11), (('it', 'was'), 11)]","[(('might', 'also', 'like'), 19), (('you', 'might', 'also'), 18), (('a', 'lot', 'of'), 8), (('when', 'i', 'was'), 5), (('yeah', 'im', 'right'), 5), (('im', 'right', 'here'), 5), (('j', 'jonah', 'jameson'), 5), (('the', 'one', 'who'), 5), (('rap', 'snitches', 'telling'), 4), (('snitches', 'telling', 'all'), 4), (('telling', 'all', 'their'), 4), (('all', 'their', 'business'), 4), (('their', 'business', 'sit'), 4), (('business', 'sit', 'in'), 4), (('sit', 'in', 'the'), 4), (('in', 'the', 'court'), 4), (('the', 'court', 'and'), 4), (('court', 'and', 'be'), 4), (('and', 'be', 'their'), 4), (('be', 'their', 'own'), 4)]","[(('you', 'might', 'also', 'like'), 18), (('yeah', 'im', 'right', 'here'), 5), (('rap', 'snitches', 'telling', 'all'), 4), (('snitches', 'telling', 'all', 'their'), 4), (('telling', 'all', 'their', 'business'), 4), (('all', 'their', 'business', 'sit'), 4), (('their', 'business', 'sit', 'in'), 4), (('business', 'sit', 'in', 'the'), 4), (('sit', 'in', 'the', 'court'), 4), (('in', 'the', 'court', 'and'), 4), (('the', 'court', 'and', 'be'), 4), (('court', 'and', 'be', 'their'), 4), (('and', 'be', 'their', 'own'), 4), (('be', 'their', 'own', 'star'), 4), (('their', 'own', 'star', 'witness'), 4), (('own', 'star', 'witness', '""do'), 4), (('star', 'witness', '""do', 'you'), 4), (('witness', '""do', 'you', 'see'), 4), (('""do', 'you', 'see', 'the'), 4), (('you', 'see', 'the', 'perpetrator""'), 4)]"
28,Nas,rap,male,"[(('one', 'love'), 58), (('love', 'one'), 48), (('the', 'world'), 46), (('world', 'is'), 45), (('i', 'wanna'), 42), (('in', 'the'), 39), (('nas', 'is'), 39), (('you', 'can'), 39), (('if', 'i'), 38), (('new', 'york'), 35), (('wanna', 'be'), 35), (('hate', 'me'), 35), (('its', 'mine'), 30), (('mine', 'its'), 30), (('me', 'now'), 30), (('can', 'hate'), 29), (('nas', 'di'), 28), (('di', 'don'), 28), (('to', 'the'), 27), (('is', 'yours'), 27)]","[(('one', 'love', 'one'), 48), (('love', 'one', 'love'), 48), (('i', 'wanna', 'be'), 34), (('its', 'mine', 'its'), 30), (('you', 'can', 'hate'), 29), (('can', 'hate', 'me'), 29), (('nas', 'di', 'don'), 28), (('the', 'world', 'is'), 27), (('world', 'is', 'yours'), 27), (('hate', 'me', 'now'), 27), (('di', 'don', 'nas'), 24), (('don', 'nas', 'di'), 24), (('nas', 'is', 'like'), 21), (('all', 'i', 'need'), 20), (('if', 'i', 'ruled'), 19), (('you', 'might', 'also'), 18), (('might', 'also', 'like'), 18), (('world', 'is', 'this'), 17), (('i', 'know', 'i'), 17), (('know', 'i', 'can'), 17)]","[(('one', 'love', 'one', 'love'), 48), (('love', 'one', 'love', 'one'), 45), (('you', 'can', 'hate', 'me'), 29), (('the', 'world', 'is', 'yours'), 27), (('can', 'hate', 'me', 'now'), 25), (('nas', 'di', 'don', 'nas'), 24), (('di', 'don', 'nas', 'di'), 24), (('don', 'nas', 'di', 'don'), 24), (('you', 'might', 'also', 'like'), 18), (('i', 'know', 'i', 'can'), 17), (('be', 'what', 'i', 'wanna'), 17), (('what', 'i', 'wanna', 'be'), 17), (('if', 'i', 'work', 'hard'), 17), (('i', 'work', 'hard', 'at'), 17), (('work', 'hard', 'at', 'it'), 17), (('ill', 'be', 'where', 'i'), 17), (('be', 'where', 'i', 'wanna'), 17), (('where', 'i', 'wanna', 'be'), 17), (('world', 'is', 'yours', 'its'), 15), (('yours', 'its', 'mine', 'its'), 15)]"
29,Yasiin Bey,rap,male,"[(('in', 'the'), 51), (('do', 'it'), 42), (('to', 'the'), 39), (('the', 'world'), 39), (('it', 'is'), 37), (('to', 'be'), 35), (('on', 'the'), 35), (('you', 'know'), 31), (('with', 'the'), 30), (('for', 'the'), 29), (('what', 'it'), 26), (('from', 'the'), 25), (('be', 'free'), 25), (('love', 'love'), 25), (('simmer', 'down'), 25), (('at', 'the'), 22), (('of', 'the'), 21), (('black', 'people'), 21), (('you', 'might'), 20), (('might', 'also'), 20)]","[(('what', 'it', 'is'), 26), (('to', 'be', 'free'), 25), (('you', 'might', 'also'), 20), (('might', 'also', 'like'), 19), (('shine', 'your', 'light'), 16), (('do', 'it', 'do'), 15), (('be', 'free', 'to'), 14), (('free', 'to', 'be'), 14), (('rock', 'and', 'roll'), 14), (('it', 'do', 'it'), 14), (('speedin', 'speedin', 'speedin'), 13), (('it', 'is', 'you'), 12), (('know', 'what', 'it'), 12), (('got', 'to', 'do'), 12), (('new', 'world', 'water'), 12), (('dont', 'get', 'caught'), 12), (('get', 'caught', 'up'), 12), (('caught', 'up', 'in'), 12), (('up', 'in', 'no'), 12), (('in', 'no', 'throne'), 12)]","[(('you', 'might', 'also', 'like'), 19), (('to', 'be', 'free', 'to'), 14), (('be', 'free', 'to', 'be'), 14), (('free', 'to', 'be', 'free'), 14), (('do', 'it', 'do', 'it'), 14), (('know', 'what', 'it', 'is'), 12), (('speedin', 'speedin', 'speedin', 'speedin'), 12), (('dont', 'get', 'caught', 'up'), 12), (('get', 'caught', 'up', 'in'), 12), (('caught', 'up', 'in', 'no'), 12), (('up', 'in', 'no', 'throne'), 12), (('simmer', 'down', 'now', 'simmer'), 12), (('down', 'now', 'simmer', 'down'), 12), (('what', 'it', 'is', 'you'), 11), (('it', 'new', 'world', 'water'), 10), (('its', 'all', 'about', 'gettin'), 10), (('all', 'about', 'gettin', 'that'), 10), (('about', 'gettin', 'that', 'cash'), 10), (('gettin', 'that', 'cash', 'money'), 10), (('people', 'to', 'be', 'free'), 9)]"
30,Al Green,soul,male,"[(('hey', 'hey'), 29), (('make', 'it'), 28), (('love', 'and'), 25), (('in', 'love'), 23), (('and', 'happiness'), 23), (('i', 'wanna'), 21), (('might', 'also'), 20), (('with', 'you'), 18), (('let', 'me'), 18), (('you', 'might'), 18), (('also', 'like'), 17), (('i', 'know'), 17), (('take', 'me'), 17), (('yeah', 'yeah'), 16), (('i', 'can'), 16), (('call', 'me'), 16), (('love', 'is'), 14), (('wont', 'you'), 14), (('im', 'so'), 13), (('how', 'can'), 13)]","[(('love', 'and', 'happiness'), 23), (('you', 'might', 'also'), 18), (('might', 'also', 'like'), 17), (('hey', 'hey', 'hey'), 15), (('make', 'it', 'last'), 13), (('it', 'last', 'forever'), 13), (('hes', 'coming', 'back'), 13), (('free', 'at', 'last'), 13), (('im', 'a', 'ram'), 12), (('in', 'love', 'with'), 11), (('how', 'can', 'you'), 11), (('love', 'with', 'you'), 10), (('can', 'make', 'it'), 10), (('last', 'forever', 'make'), 10), (('forever', 'make', 'it'), 10), (('here', 'i', 'am'), 10), (('i', 'am', 'baby'), 10), (('still', 'in', 'love'), 9), (('gonna', 'be', 'alright'), 9), (('be', 'alright', 'hes'), 9)]","[(('you', 'might', 'also', 'like'), 16), (('make', 'it', 'last', 'forever'), 13), (('in', 'love', 'with', 'you'), 10), (('it', 'last', 'forever', 'make'), 10), (('last', 'forever', 'make', 'it'), 10), (('here', 'i', 'am', 'baby'), 10), (('forever', 'make', 'it', 'last'), 9), (('gonna', 'be', 'alright', 'hes'), 9), (('be', 'alright', 'hes', 'coming'), 9), (('alright', 'hes', 'coming', 'back'), 9), (('hey', 'hey', 'hey', 'hey'), 8), (('dream', 'we', 'can', 'make'), 8), (('we', 'can', 'make', 'it'), 8), (('can', 'make', 'it', 'all'), 8), (('make', 'it', 'all', 'come'), 8), (('it', 'all', 'come', 'true'), 8), (('god', 'blessed', 'our', 'love'), 8), (('love', 'and', 'happiness', 'love'), 7), (('and', 'happiness', 'love', 'and'), 7), (('happiness', 'love', 'and', 'happiness'), 7)]"
31,Aretha Franklin,soul,female,"[(('thank', 'you'), 70), (('chain', 'chain'), 68), (('deeper', 'love'), 44), (('a', 'deeper'), 40), (('woah', 'woah'), 40), (('a', 'little'), 35), (('just', 'a'), 34), (('oh', 'yes'), 30), (('i', 'got'), 27), (('how', 'i'), 27), (('do', 'right'), 27), (('pride', 'a'), 27), (('to', 'me'), 26), (('what', 'it'), 26), (('it', 'is'), 26), (('little', 'bit'), 25), (('aint', 'no'), 23), (('got', 'over'), 22), (('you', 'make'), 21), (('might', 'also'), 20)]","[(('chain', 'chain', 'chain'), 61), (('a', 'deeper', 'love'), 40), (('pride', 'a', 'deeper'), 27), (('woah', 'woah', 'woah'), 27), (('a', 'little', 'bit'), 25), (('what', 'it', 'is'), 25), (('just', 'a', 'little'), 22), (('how', 'i', 'got'), 22), (('i', 'got', 'over'), 22), (('aint', 'no', 'way'), 20), (('thank', 'you', 'jesus'), 20), (('thank', 'you', 'thank'), 20), (('you', 'thank', 'you'), 20), (('might', 'also', 'like'), 19), (('jesus', 'thank', 'you'), 19), (('you', 'jesus', 'thank'), 17), (('you', 'might', 'also'), 16), (('you', 'make', 'me'), 16), (('make', 'me', 'feel'), 16), (('deeper', 'love', 'pride'), 16)]","[(('chain', 'chain', 'chain', 'chain'), 54), (('pride', 'a', 'deeper', 'love'), 27), (('just', 'a', 'little', 'bit'), 22), (('how', 'i', 'got', 'over'), 22), (('thank', 'you', 'thank', 'you'), 20), (('thank', 'you', 'jesus', 'thank'), 17), (('you', 'jesus', 'thank', 'you'), 17), (('you', 'make', 'me', 'feel'), 16), (('a', 'deeper', 'love', 'pride'), 16), (('deeper', 'love', 'pride', 'a'), 16), (('love', 'pride', 'a', 'deeper'), 16), (('you', 'might', 'also', 'like'), 15), (('do', 'right', 'do', 'right'), 15), (('youre', 'all', 'i', 'need'), 14), (('woah', 'woah', 'woah', 'woah'), 14), (('my', 'soul', 'looks', 'back'), 13), (('soul', 'looks', 'back', 'in'), 13), (('looks', 'back', 'in', 'wonder'), 13), (('a', 'deeper', 'love', 'woah'), 13), (('deeper', 'love', 'woah', 'woah'), 13)]"
32,Clarence Carter,soul,male,"[(('get', 'your'), 29), (('your', 'love'), 27), (('and', 'i'), 25), (('i', 'cant'), 24), (('might', 'also'), 20), (('for', 'a'), 19), (('a', 'fox'), 19), (('when', 'you'), 18), (('your', 'medicine'), 18), (('medicine', 'from'), 18), (('from', 'me'), 18), (('to', 'the'), 17), (('you', 'might'), 17), (('i', 'be'), 17), (('i', 'love'), 17), (('be', 'strokin'), 16), (('stroke', 'it'), 16), (('and', 'the'), 16), (('without', 'you'), 16), (('i', 'stroke'), 15)]","[(('for', 'a', 'fox'), 19), (('get', 'your', 'medicine'), 18), (('your', 'medicine', 'from'), 18), (('medicine', 'from', 'me'), 18), (('you', 'might', 'also'), 17), (('i', 'be', 'strokin'), 15), (('i', 'stroke', 'it'), 15), (('looking', 'for', 'a'), 15), (('stroke', 'it', 'to'), 14), (('it', 'to', 'the'), 14), (('from', 'me', 'get'), 14), (('me', 'get', 'your'), 14), (('im', 'looking', 'for'), 14), (('do', 'without', 'you'), 14), (('a', 'fox', 'im'), 13), (('fox', 'im', 'looking'), 12), (('cant', 'do', 'without'), 12), (('i', 'love', 'it'), 11), (('when', 'you', 'keep'), 11), (('you', 'keep', 'on'), 11)]","[(('get', 'your', 'medicine', 'from'), 18), (('your', 'medicine', 'from', 'me'), 18), (('looking', 'for', 'a', 'fox'), 15), (('i', 'stroke', 'it', 'to'), 14), (('stroke', 'it', 'to', 'the'), 14), (('medicine', 'from', 'me', 'get'), 14), (('from', 'me', 'get', 'your'), 14), (('me', 'get', 'your', 'medicine'), 14), (('im', 'looking', 'for', 'a'), 14), (('for', 'a', 'fox', 'im'), 13), (('a', 'fox', 'im', 'looking'), 12), (('fox', 'im', 'looking', 'for'), 12), (('cant', 'do', 'without', 'you'), 12), (('when', 'you', 'keep', 'on'), 11), (('i', 'cant', 'do', 'without'), 11), (('talk', 'too', 'much', 'you'), 10), (('i', 'get', 'your', 'love'), 10), (('how', 'can', 'i', 'get'), 9), (('can', 'i', 'get', 'your'), 9), (('get', 'your', 'love', 'when'), 9)]"
33,Curtis Mayfield,soul,male,"[(('in', 'the'), 35), (('the', 'world'), 29), (('for', 'the'), 28), (('right', 'on'), 28), (('tripping', 'out'), 25), (('im', 'your'), 20), (('you', 'might'), 20), (('might', 'also'), 20), (('new', 'day'), 19), (('to', 'get'), 18), (('give', 'me'), 18), (('your', 'love'), 18), (('a', 'new'), 18), (('so', 'glad'), 17), (('the', 'man'), 16), (('also', 'like'), 16), (('""dont', 'worry""'), 16), (('back', 'in'), 16), (('tryin', 'to'), 15), (('me', 'your'), 15)]","[(('in', 'the', 'world'), 25), (('you', 'might', 'also'), 19), (('might', 'also', 'like'), 16), (('back', 'in', 'the'), 16), (('give', 'me', 'your'), 15), (('me', 'your', 'love'), 15), (('tryin', 'to', 'get'), 14), (('to', 'get', 'over'), 14), (('right', 'on', 'for'), 14), (('on', 'for', 'the'), 14), (('for', 'the', 'darkness'), 14), (('love', 'give', 'me'), 13), (('right', 'on', 'right'), 13), (('on', 'right', 'on'), 13), (('out', 'tripping', 'out'), 13), (('say', '""dont', 'worry""'), 12), (('so', 'in', 'love'), 12), (('your', 'love', 'give'), 12), (('tripping', 'out', 'tripping'), 12), (('get', 'over', 'tryin'), 11)]","[(('back', 'in', 'the', 'world'), 16), (('you', 'might', 'also', 'like'), 15), (('give', 'me', 'your', 'love'), 15), (('tryin', 'to', 'get', 'over'), 14), (('right', 'on', 'for', 'the'), 14), (('on', 'for', 'the', 'darkness'), 14), (('right', 'on', 'right', 'on'), 13), (('me', 'your', 'love', 'give'), 12), (('your', 'love', 'give', 'me'), 12), (('love', 'give', 'me', 'your'), 12), (('tripping', 'out', 'tripping', 'out'), 12), (('to', 'get', 'over', 'tryin'), 11), (('get', 'over', 'tryin', 'to'), 11), (('over', 'tryin', 'to', 'get'), 11), (('a', 'brand', 'new', 'day'), 10), (('for', 'the', 'darkness', 'right'), 10), (('the', 'darkness', 'right', 'on'), 10), (('on', 'right', 'on', 'right'), 10), (('""dont', 'worry""', 'they', 'say'), 9), (('worry""', 'they', 'say', '""dont'), 9)]"
34,Marvin Gaye,soul,male,"[(('got', 'to'), 32), (('i', 'want'), 29), (('come', 'on'), 28), (('to', 'give'), 26), (('want', 'you'), 24), (('get', 'it'), 21), (('might', 'also'), 20), (('it', 'up'), 20), (('give', 'it'), 20), (('on', 'baby'), 19), (('if', 'you'), 19), (('you', 'know'), 18), (('you', 'might'), 18), (('also', 'like'), 18), (('oh', 'baby'), 18), (('you', 'baby'), 18), (('my', 'darling'), 17), (('love', 'you'), 17), (('you', 'to'), 17), (('whats', 'going'), 16)]","[(('i', 'want', 'you'), 22), (('got', 'to', 'give'), 19), (('to', 'give', 'it'), 19), (('give', 'it', 'up'), 19), (('you', 'might', 'also'), 18), (('might', 'also', 'like'), 18), (('whats', 'going', 'on'), 16), (('get', 'it', 'on'), 15), (('heal', 'me', 'my'), 14), (('me', 'my', 'darling'), 14), (('lets', 'dance', 'lets'), 14), (('dance', 'lets', 'shout'), 14), (('i', 'come', 'up'), 14), (('come', 'on', 'baby'), 13), (('heard', 'it', 'through'), 13), (('it', 'through', 'the'), 13), (('through', 'the', 'grapevine'), 13), (('dancing', 'lady', 'dancing'), 13), (('lady', 'dancing', 'lady'), 13), (('lets', 'shout', 'get'), 13)]","[(('got', 'to', 'give', 'it'), 18), (('to', 'give', 'it', 'up'), 18), (('you', 'might', 'also', 'like'), 16), (('heal', 'me', 'my', 'darling'), 14), (('lets', 'dance', 'lets', 'shout'), 14), (('heard', 'it', 'through', 'the'), 13), (('it', 'through', 'the', 'grapevine'), 13), (('dancing', 'lady', 'dancing', 'lady'), 13), (('dance', 'lets', 'shout', 'get'), 13), (('lets', 'shout', 'get', 'funky'), 13), (('shout', 'get', 'funky', 'what'), 13), (('get', 'funky', 'what', 'its'), 13), (('funky', 'what', 'its', 'all'), 13), (('what', 'its', 'all', 'about'), 13), (('lady', 'dancing', 'lady', 'dancing'), 12), (('i', 'come', 'up', 'hard'), 12), (('lets', 'get', 'it', 'on'), 11), (('give', 'you', 'some', 'head'), 11), (('its', 'all', 'about', 'lets'), 10), (('all', 'about', 'lets', 'dance'), 10)]"
35,Minnie Riperton,soul,female,"[(('na', 'na'), 80), (('la', 'la'), 73), (('in', 'the'), 28), (('you', 'are'), 25), (('my', 'love'), 24), (('the', 'arms'), 24), (('that', 'i'), 23), (('are', 'the'), 23), (('inside', 'me'), 22), (('i', 'think'), 21), (('think', 'you'), 21), (('the', 'perfect'), 21), (('might', 'also'), 20), (('also', 'like'), 18), (('i', 'see'), 17), (('trying', 'to'), 17), (('love', 'you'), 17), (('your', 'eyes'), 17), (('do', 'do'), 16), (('you', 'might'), 16)]","[(('na', 'na', 'na'), 78), (('la', 'la', 'la'), 68), (('you', 'are', 'the'), 23), (('i', 'think', 'you'), 21), (('think', 'you', 'are'), 21), (('are', 'the', 'perfect'), 21), (('might', 'also', 'like'), 18), (('you', 'might', 'also'), 16), (('im', 'trying', 'to'), 16), (('in', 'the', 'arms'), 16), (('the', 'arms', 'of'), 16), (('arms', 'of', 'love'), 16), (('come', 'inside', 'me'), 15), (('light', 'my', 'fire'), 15), (('baby', 'im', 'trying'), 14), (('you', 'that', 'i'), 14), (('close', 'your', 'eyes'), 14), (('do', 'do', 'do'), 12), (('back', 'down', 'memory'), 12), (('down', 'memory', 'lane'), 12)]","[(('na', 'na', 'na', 'na'), 77), (('la', 'la', 'la', 'la'), 63), (('i', 'think', 'you', 'are'), 21), (('think', 'you', 'are', 'the'), 21), (('you', 'are', 'the', 'perfect'), 21), (('the', 'arms', 'of', 'love'), 16), (('you', 'might', 'also', 'like'), 14), (('baby', 'im', 'trying', 'to'), 14), (('back', 'down', 'memory', 'lane'), 12), (('close', 'your', 'eyes', 'and'), 12), (('you', 'come', 'inside', 'me'), 11), (('are', 'the', 'perfect', 'angel'), 11), (('inside', 'me', 'will', 'you'), 10), (('me', 'will', 'you', 'come'), 10), (('will', 'you', 'come', 'inside'), 10), (('im', 'trying', 'to', 'show'), 10), (('trying', 'to', 'show', 'you'), 10), (('the', 'perfect', 'angel', 'i'), 10), (('perfect', 'angel', 'i', 'think'), 10), (('angel', 'i', 'think', 'you'), 10)]"
36,Nina Simone,soul,female,"[(('to', 'the'), 50), (('the', 'lord'), 33), (('power', 'to'), 29), (('got', 'my'), 28), (('power', 'power'), 25), (('you', 'know'), 23), (('lord', 'power'), 21), (('got', 'no'), 21), (('might', 'also'), 20), (('aint', 'got'), 20), (('run', 'to'), 17), (('you', 'might'), 15), (('also', 'like'), 14), (('the', 'wind'), 14), (('is', 'the'), 14), (('know', 'how'), 13), (('its', 'a'), 13), (('a', 'new'), 13), (('dont', 'you'), 13), (('i', 'run'), 13)]","[(('to', 'the', 'lord'), 31), (('power', 'to', 'the'), 29), (('power', 'power', 'to'), 22), (('the', 'lord', 'power'), 21), (('lord', 'power', 'power'), 20), (('aint', 'got', 'no'), 20), (('might', 'also', 'like'), 14), (('you', 'might', 'also'), 13), (('i', 'run', 'to'), 13), (('run', 'to', 'the'), 13), (('its', 'a', 'new'), 12), (('all', 'on', 'that'), 12), (('on', 'that', 'day'), 12), (('doo', 'doo', 'doo'), 10), (('know', 'how', 'i'), 9), (('how', 'i', 'feel'), 9), (('wild', 'is', 'the'), 9), (('is', 'the', 'wind'), 9), (('you', 'know', 'how'), 8), (('dont', 'you', 'know'), 8)]","[(('power', 'to', 'the', 'lord'), 29), (('power', 'power', 'to', 'the'), 22), (('to', 'the', 'lord', 'power'), 21), (('the', 'lord', 'power', 'power'), 20), (('lord', 'power', 'power', 'to'), 20), (('i', 'run', 'to', 'the'), 13), (('all', 'on', 'that', 'day'), 12), (('know', 'how', 'i', 'feel'), 9), (('doo', 'doo', 'doo', 'doo'), 9), (('wild', 'is', 'the', 'wind'), 9), (('you', 'know', 'how', 'i'), 8), (('you', 'might', 'also', 'like'), 7), (('down', 'power', 'to', 'the'), 7), (('i', 'wish', 'i', 'could'), 7), (('my', 'baby', 'dont', 'care'), 7), (('baby', 'dont', 'care', 'for'), 7), (('young', 'gifted', 'and', 'black'), 7), (('run', 'to', 'the', 'sea'), 6), (('to', 'the', 'sea', 'it'), 6), (('the', 'sea', 'it', 'was'), 6)]"
37,Otis Redding,soul,male,"[(('got', 'to'), 27), (('ive', 'got'), 22), (('love', 'man'), 21), (('might', 'also'), 20), (('also', 'like'), 18), (('love', 'is'), 18), (('and', 'i'), 18), (('my', 'love'), 18), (('come', 'on'), 18), (('a', 'love'), 18), (('dum', 'dum'), 18), (('when', 'i'), 17), (('give', 'it'), 17), (('a', 'little'), 16), (('oh', 'my'), 16), (('i', 'know'), 16), (('i', 'need'), 16), (('you', 'might'), 15), (('love', 'you'), 15), (('no', 'no'), 14)]","[(('might', 'also', 'like'), 18), (('a', 'love', 'man'), 18), (('my', 'love', 'is'), 16), (('you', 'might', 'also'), 15), (('thats', 'how', 'strong'), 14), (('how', 'strong', 'my'), 14), (('strong', 'my', 'love'), 14), (('im', 'a', 'love'), 12), (('i', 'love', 'you'), 11), (('no', 'no', 'no'), 9), (('ive', 'got', 'dreams'), 9), (('dreams', 'dreams', 'to'), 9), (('dreams', 'to', 'remember'), 9), (('stand', 'by', 'me'), 9), (('you', 'got', 'to'), 8), (('hey', 'hey', 'hey'), 8), (('dum', 'dum', 'deedle'), 8), (('dum', 'deedle', 'dee'), 8), (('deedle', 'dee', 'dum'), 8), (('dee', 'dum', 'dum'), 8)]","[(('thats', 'how', 'strong', 'my'), 14), (('how', 'strong', 'my', 'love'), 14), (('strong', 'my', 'love', 'is'), 14), (('you', 'might', 'also', 'like'), 13), (('im', 'a', 'love', 'man'), 12), (('dreams', 'dreams', 'to', 'remember'), 9), (('dum', 'dum', 'deedle', 'dee'), 8), (('dum', 'deedle', 'dee', 'dum'), 8), (('deedle', 'dee', 'dum', 'dum'), 8), (('try', 'a', 'little', 'tenderness'), 7), (('pain', 'in', 'my', 'heart'), 7), (('the', 'dock', 'of', 'the'), 6), (('dock', 'of', 'the', 'bay'), 6), (('give', 'it', 'to', 'me'), 6), (('no', 'no', 'no', 'no'), 6), (('on', 'the', 'dock', 'of'), 5), (('got', 'to', 'give', 'it'), 5), (('ive', 'got', 'dreams', 'dreams'), 5), (('got', 'dreams', 'dreams', 'to'), 5), (('this', 'is', 'my', 'lovers'), 5)]"
38,Sam Cooke,soul,male,"[(('another', 'day'), 54), (('just', 'another'), 49), (('its', 'all'), 49), (('all', 'right'), 48), (('i', 'know'), 46), (('yeah', 'yeah'), 40), (('right', 'its'), 32), (('and', 'i'), 22), (('all', 'night'), 22), (('of', 'the'), 21), (('might', 'also'), 20), (('also', 'like'), 19), (('my', 'my'), 19), (('let', 'it'), 19), (('it', 'shine'), 19), (('dont', 'know'), 17), (('im', 'gonna'), 17), (('you', 'might'), 15), (('to', 'me'), 15), (('you', 'send'), 15)]","[(('just', 'another', 'day'), 49), (('its', 'all', 'right'), 48), (('yeah', 'yeah', 'yeah'), 35), (('all', 'right', 'its'), 32), (('right', 'its', 'all'), 32), (('might', 'also', 'like'), 19), (('let', 'it', 'shine'), 19), (('you', 'might', 'also'), 15), (('you', 'send', 'me'), 15), (('when', 'ive', 'gone'), 14), (('the', 'last', 'mile'), 14), (('my', 'my', 'my'), 13), (('i', 'know', 'i'), 12), (('was', 'too', 'young'), 12), (('too', 'young', 'to'), 12), (('dont', 'know', 'much'), 11), (('im', 'gonna', 'let'), 11), (('know', 'i', 'know'), 10), (('gonna', 'let', 'it'), 10), (('ive', 'gone', 'the'), 10)]","[(('its', 'all', 'right', 'its'), 32), (('all', 'right', 'its', 'all'), 32), (('right', 'its', 'all', 'right'), 32), (('yeah', 'yeah', 'yeah', 'yeah'), 30), (('you', 'might', 'also', 'like'), 14), (('was', 'too', 'young', 'to'), 12), (('i', 'know', 'i', 'know'), 10), (('my', 'my', 'my', 'my'), 10), (('im', 'gonna', 'let', 'it'), 10), (('gonna', 'let', 'it', 'shine'), 10), (('when', 'ive', 'gone', 'the'), 10), (('ive', 'gone', 'the', 'last'), 10), (('gone', 'the', 'last', 'mile'), 10), (('the', 'last', 'mile', 'of'), 10), (('last', 'mile', 'of', 'the'), 10), (('mile', 'of', 'the', 'way'), 10), (('long', 'as', 'i', 'know'), 10), (('oh', 'just', 'another', 'day'), 9), (('dont', 'know', 'much', 'about'), 8), (('thats', 'the', 'sound', 'of'), 8)]"
39,Stevie Wonder,soul,male,"[(('da', 'da'), 93), (('until', 'the'), 53), (('happy', 'birthday'), 51), (('i', 'do'), 48), (('la', 'la'), 47), (('i', 'got'), 39), (('love', 'you'), 37), (('of', 'the'), 34), (('in', 'the'), 33), (('for', 'the'), 32), (('i', 'love'), 32), (('the', 'day'), 30), (('birthday', 'happy'), 30), (('think', 'about'), 28), (('about', 'you'), 28), (('to', 'you'), 27), (('the', 'city'), 27), (('just', 'enough'), 25), (('a', 'thing'), 24), (('dont', 'you'), 24)]","[(('da', 'da', 'da'), 81), (('i', 'love', 'you'), 31), (('happy', 'birthday', 'happy'), 30), (('birthday', 'happy', 'birthday'), 30), (('think', 'about', 'you'), 28), (('for', 'the', 'city'), 26), (('la', 'la', 'la'), 26), (('feel', 'it', 'all'), 23), (('it', 'all', 'over'), 22), (('worry', 'bout', 'a'), 22), (('bout', 'a', 'thing'), 22), (('yes', 'i', 'got'), 22), (('i', 'got', 'some'), 22), (('can', 'feel', 'it'), 21), (('dont', 'you', 'worry'), 21), (('you', 'worry', 'bout'), 21), (('you', 'might', 'also'), 20), (('might', 'also', 'like'), 20), (('until', 'the', 'day'), 20), (('love', 'you', 'i'), 20)]","[(('da', 'da', 'da', 'da'), 69), (('happy', 'birthday', 'happy', 'birthday'), 30), (('feel', 'it', 'all', 'over'), 22), (('worry', 'bout', 'a', 'thing'), 22), (('birthday', 'happy', 'birthday', 'happy'), 22), (('yes', 'i', 'got', 'some'), 22), (('can', 'feel', 'it', 'all'), 21), (('dont', 'you', 'worry', 'bout'), 21), (('you', 'worry', 'bout', 'a'), 21), (('you', 'might', 'also', 'like'), 20), (('i', 'love', 'you', 'i'), 20), (('all', 'i', 'do', 'is'), 20), (('i', 'do', 'is', 'think'), 20), (('do', 'is', 'think', 'about'), 20), (('is', 'think', 'about', 'you'), 20), (('just', 'enough', 'for', 'the'), 19), (('enough', 'for', 'the', 'city'), 19), (('you', 'can', 'feel', 'it'), 16), (('happy', 'birthday', 'to', 'you'), 16), (('birthday', 'to', 'you', 'happy'), 16)]"
